{
  "metadata": {
    "name": "Sáng Tác Việt",
    "author": "vBook",
    "version": 8,
    "source": "https://sangtacviet.app",
    "regexp": "https://sangtacviet\\.app/truyen/.+",
    "description": "Extension cập nhật cho sangtacviet.app mới",
    "locale": "vi-VN",
    "language": "javascript",
    "type": "novel",
    "encrypt": true
  },
  "script": {
    "home": "home.js",
    "genre": "genre.js",
    "search": "search.js",
    "detail": "detail.js",
    "toc": "toc.js",
    "chap": "chap.js"
  }
}